tyden,vek,poradi_davky,pocet_davek
2020-W52,0-29,1,169
2020-W52,30-39,1,235
2020-W52,40-49,1,347
2020-W52,50-59,1,258
2020-W52,60-69,1,180
2020-W52,70-79,1,72
2020-W52,80-129,1,26
2020-W53,80-129,1,709
2020-W53,70-79,1,608
2020-W53,60-69,2,2
2020-W53,60-69,1,1643
2020-W53,50-59,1,2678
2020-W53,40-49,1,3571
2020-W53,30-39,1,2310
2020-W53,0-29,1,1562
2021-W01,80-129,1,1694
2021-W01,70-79,2,1
2021-W01,70-79,1,1803
2021-W01,60-69,2,1
2021-W01,60-69,1,4626
2021-W01,50-59,2,2
2021-W01,0-29,2,1
2021-W01,40-49,2,1
2021-W01,40-49,1,10053
2021-W01,30-39,2,2
2021-W01,30-39,1,5932
2021-W01,0-29,1,3751
2021-W01,50-59,1,7955
2021-W02,60-69,1,9122
2021-W02,80-129,2,4
2021-W02,80-129,1,11771
2021-W02,70-79,2,21
2021-W02,60-69,2,84
2021-W02,50-59,2,130
2021-W02,70-79,1,5785
2021-W02,40-49,2,190
2021-W02,40-49,1,16483
2021-W02,30-39,2,123
2021-W02,50-59,1,13868
2021-W02,30-39,1,9360
2021-W02,0-29,2,97
2021-W02,0-29,1,5736
2021-W03,80-129,1,38032
2021-W03,70-79,2,569
2021-W03,70-79,1,4945
2021-W03,60-69,2,1533
2021-W03,60-69,1,6301
2021-W03,50-59,2,2453
2021-W03,80-129,2,636
2021-W03,40-49,2,3184
2021-W03,40-49,1,9333
2021-W03,30-39,2,2012
2021-W03,30-39,1,4641
2021-W03,0-29,2,1365
2021-W03,0-29,1,2693
2021-W03,50-59,1,8900
2021-W04,80-129,2,933
2021-W04,80-129,1,27326
2021-W04,70-79,2,1171
2021-W04,70-79,1,2161
2021-W04,60-69,2,3555
2021-W04,60-69,1,2898
2021-W04,50-59,2,6376
2021-W04,50-59,1,3887
2021-W04,40-49,1,4021
2021-W04,30-39,2,4754
2021-W04,30-39,1,2128
2021-W04,0-29,2,2898
2021-W04,0-29,1,1555
2021-W04,40-49,2,8101
2021-W05,60-69,1,1553
2021-W05,80-129,2,7575
2021-W05,80-129,1,15709
2021-W05,70-79,2,4043
2021-W05,70-79,1,1388
2021-W05,60-69,2,7435
2021-W05,50-59,2,11702
2021-W05,30-39,1,1160
2021-W05,40-49,2,14091
2021-W05,40-49,1,2091
2021-W05,30-39,2,8002
2021-W05,50-59,1,1911
2021-W05,0-29,2,4893
2021-W05,0-29,1,807
2021-W06,80-129,2,32381
2021-W06,80-129,1,17443
2021-W06,70-79,2,4905
2021-W06,70-79,1,2178
2021-W06,60-69,2,6785
2021-W06,60-69,1,2036
2021-W06,50-59,2,9186
2021-W06,50-59,1,2888
2021-W06,40-49,2,10237
2021-W06,40-49,1,3204
2021-W06,30-39,2,5264
2021-W06,30-39,1,1639
2021-W06,0-29,2,3103
2021-W06,0-29,1,1113
2021-W07,80-129,1,31986
2021-W07,70-79,2,2931
2021-W07,70-79,1,3424
2021-W07,60-69,2,3364
2021-W07,60-69,1,3390
2021-W07,50-59,2,4684
2021-W07,80-129,2,24505
2021-W07,40-49,2,4698
2021-W07,40-49,1,4590
2021-W07,30-39,2,2504
2021-W07,30-39,1,2631
2021-W07,0-29,2,1716
2021-W07,0-29,1,1907
2021-W07,50-59,1,4204
2021-W08,80-129,1,42671
2021-W08,70-79,2,1610
2021-W08,70-79,1,5867
2021-W08,60-69,2,2090
2021-W08,60-69,1,5515
2021-W08,50-59,2,2764
2021-W08,80-129,2,18982
2021-W08,40-49,2,2939
2021-W08,40-49,1,7445
2021-W08,30-39,2,1552
2021-W08,30-39,1,4736
2021-W08,0-29,2,1128
2021-W08,0-29,1,3172
2021-W08,50-59,1,7043
2021-W09,80-129,2,14126
2021-W09,80-129,1,39531
2021-W09,70-79,2,1442
2021-W09,70-79,1,50717
2021-W09,60-69,2,1500
2021-W09,60-69,1,19563
2021-W09,50-59,2,1939
2021-W09,50-59,1,22444
2021-W09,40-49,1,17968
2021-W09,30-39,2,1247
2021-W09,30-39,1,8531
2021-W09,0-29,2,828
2021-W09,0-29,1,4767
2021-W09,40-49,2,2214
2021-W10,60-69,1,16545
2021-W10,80-129,2,21157
2021-W10,80-129,1,28296
2021-W10,70-79,2,2494
2021-W10,60-69,2,2814
2021-W10,50-59,2,3660
2021-W10,70-79,1,118633
2021-W10,40-49,2,3816
2021-W10,40-49,1,19408
2021-W10,30-39,2,2123
2021-W10,50-59,1,21789
2021-W10,30-39,1,9332
2021-W10,0-29,2,1449
2021-W10,0-29,1,6063
2021-W11,80-129,2,35971
2021-W11,80-129,1,17025
2021-W11,70-79,2,3757
2021-W11,70-79,1,118534
2021-W11,60-69,2,3888
2021-W11,60-69,1,14339
2021-W11,50-59,2,4826
2021-W11,50-59,1,18965
2021-W11,40-49,2,5255
2021-W11,40-49,1,16776
2021-W11,30-39,2,3318
2021-W11,30-39,1,8255
2021-W11,0-29,2,2389
2021-W11,0-29,1,5832
2021-W12,80-129,1,11843
2021-W12,70-79,2,18288
2021-W12,70-79,1,80448
2021-W12,60-69,2,9040
2021-W12,60-69,1,14062
2021-W12,50-59,2,10486
2021-W12,80-129,2,32230
2021-W12,40-49,2,8656
2021-W12,40-49,1,12933
2021-W12,30-39,2,4464
2021-W12,30-39,1,6699
2021-W12,0-29,2,2728
2021-W12,0-29,1,4603
2021-W12,50-59,1,12628
2021-W13,80-129,1,9391
2021-W13,70-79,2,61404
2021-W13,70-79,1,52351
2021-W13,60-69,2,11366
2021-W13,60-69,1,15275
2021-W13,50-59,2,14880
2021-W13,80-129,2,22396
2021-W13,40-49,2,13314
2021-W13,40-49,1,10006
2021-W13,30-39,2,6850
2021-W13,30-39,1,5146
2021-W13,0-29,2,4337
2021-W13,0-29,1,3457
2021-W13,50-59,1,10218
2021-W14,80-129,2,13209
2021-W14,80-129,1,10402
2021-W14,70-79,2,81827
2021-W14,70-79,1,74625
2021-W14,60-69,2,9182
2021-W14,60-69,1,22657
2021-W14,50-59,2,14844
2021-W14,50-59,1,13529
2021-W14,40-49,1,13259
2021-W14,30-39,2,7173
2021-W14,30-39,1,7040
2021-W14,0-29,2,5346
2021-W14,0-29,1,4296
2021-W14,40-49,2,13530
2021-W15,60-69,1,57530
2021-W15,80-129,1,9305
2021-W15,70-79,2,83183
2021-W15,70-79,1,103721
2021-W15,60-69,2,9334
2021-W15,50-59,2,15307
2021-W15,80-129,2,9693
2021-W15,40-49,2,15042
2021-W15,0-29,1,6539
2021-W15,0-29,2,4408
2021-W15,50-59,1,23674
2021-W15,30-39,2,6931
2021-W15,40-49,1,23386
2021-W15,30-39,1,11438
2021-W16,80-129,1,6467
2021-W16,70-79,2,42981
2021-W16,70-79,1,56923
2021-W16,60-69,2,8922
2021-W16,60-69,1,133025
2021-W16,50-59,2,8603
2021-W16,80-129,2,5953
2021-W16,40-49,2,9089
2021-W16,40-49,1,25728
2021-W16,30-39,2,4929
2021-W16,30-39,1,13769
2021-W16,0-29,2,3610
2021-W16,0-29,1,8431
2021-W16,50-59,1,26896
2021-W17,80-129,2,4027
2021-W17,80-129,1,5605
2021-W17,70-79,2,27200
2021-W17,70-79,1,39962
2021-W17,60-69,2,6918
2021-W17,60-69,1,202045
2021-W17,50-59,2,7027
2021-W17,50-59,1,37874
2021-W17,40-49,1,20058
2021-W17,30-39,2,4083
2021-W17,30-39,1,10883
2021-W17,0-29,1,7033
2021-W17,40-49,2,7533
2021-W17,0-29,2,2572
2021-W18,80-129,2,3684
2021-W18,50-59,2,4190
2021-W18,80-129,1,6044
2021-W18,70-79,2,16411
2021-W18,70-79,1,34423
2021-W18,60-69,2,5965
2021-W18,60-69,1,163287
2021-W18,50-59,1,160414
2021-W18,40-49,1,29332
2021-W18,30-39,2,2027
2021-W18,30-39,1,15757
2021-W18,0-29,2,1515
2021-W18,0-29,1,9137
2021-W18,40-49,2,4283
2021-W19,80-129,2,7994
2021-W19,80-129,1,5438
2021-W19,70-79,2,13288
2021-W19,70-79,1,26496
2021-W19,60-69,2,5735
2021-W19,60-69,1,93402
2021-W19,50-59,2,3678
2021-W19,40-49,2,3799
2021-W19,40-49,1,92356
2021-W19,30-39,2,2056
2021-W19,30-39,1,15963
2021-W19,0-29,2,1451
2021-W19,0-29,1,10333
2021-W19,50-59,1,206193
2021-W20,60-69,1,51797
2021-W20,80-129,2,10919
2021-W20,80-129,1,4005
2021-W20,70-79,2,45951
2021-W20,70-79,1,18159
2021-W20,60-69,2,16491
2021-W20,50-59,2,11123
2021-W20,0-29,1,9294
2021-W20,40-49,2,10501
2021-W20,40-49,1,222619
2021-W20,30-39,2,5394
2021-W20,30-39,1,13208
2021-W20,0-29,2,3399
2021-W20,50-59,1,102190
2021-W21,50-59,2,27526
2021-W21,80-129,2,14077
2021-W21,70-79,2,89650
2021-W21,70-79,1,13403
2021-W21,60-69,2,48172
2021-W21,60-69,1,32905
2021-W21,50-59,1,53619
2021-W21,80-129,1,3080
2021-W21,40-49,1,172903
2021-W21,30-39,2,12018
2021-W21,30-39,1,56501
2021-W21,0-29,3,1
2021-W21,0-29,2,6630
2021-W21,40-49,2,25084
2021-W21,0-29,1,9402
2021-W22,80-129,2,13506
2021-W22,80-129,1,2789
2021-W22,70-79,2,73304
2021-W22,70-79,1,11778
2021-W22,60-69,2,120357
2021-W22,60-69,1,26615
2021-W22,50-59,2,30482
2021-W22,50-59,1,38970
2021-W22,40-49,2,28316
2021-W22,40-49,1,123872
2021-W22,30-39,2,14435
2021-W22,30-39,1,135241
2021-W22,0-29,2,8701
2021-W22,0-29,1,21202
2021-W23,80-129,2,11238
2021-W23,70-79,2,58409
2021-W23,70-79,1,10150
2021-W23,60-69,4,1
2021-W23,60-69,2,187489
2021-W23,60-69,1,21249
2021-W23,50-59,2,39574
2021-W23,80-129,1,2721
2021-W23,40-49,2,23398
2021-W23,40-49,1,70822
2021-W23,30-39,2,11780
2021-W23,30-39,1,131033
2021-W23,0-29,3,1
2021-W23,0-29,2,7544
2021-W23,50-59,1,29642
2021-W23,0-29,1,83444
2021-W24,80-129,1,1838
2021-W24,70-79,2,49037
2021-W24,70-79,1,6894
2021-W24,60-69,2,158892
2021-W24,60-69,1,13724
2021-W24,50-59,2,152912
2021-W24,80-129,2,9299
2021-W24,40-49,2,33888
2021-W24,40-49,1,37332
2021-W24,30-39,2,16901
2021-W24,30-39,1,64492
2021-W24,0-29,2,9461
2021-W24,0-29,1,109820
2021-W24,50-59,1,17720
2021-W25,80-129,2,8769
2021-W25,80-129,1,1396
2021-W25,70-79,2,40920
2021-W25,70-79,1,5139
2021-W25,60-69,2,95911
2021-W25,60-69,1,9941
2021-W25,50-59,2,201066
2021-W25,50-59,1,13445
2021-W25,40-49,1,24203
2021-W25,30-39,2,19815
2021-W25,30-39,1,41567
2021-W25,0-29,2,11665
2021-W25,0-29,1,92486
2021-W25,40-49,2,97490
2021-W26,50-59,2,109746
2021-W26,80-129,2,8217
2021-W26,80-129,1,1192
2021-W26,70-79,2,37315
2021-W26,70-79,1,4670
2021-W26,60-69,1,9270
2021-W26,50-59,1,12173
2021-W26,60-69,2,62493
2021-W26,40-49,1,19713
2021-W26,30-39,2,22734
2021-W26,40-49,2,229350
2021-W26,30-39,1,28420
2021-W26,0-29,3,1
2021-W26,0-29,2,14829
2021-W26,0-29,1,75409
2021-W27,80-129,1,695
2021-W27,70-79,2,18820
2021-W27,70-79,1,3373
2021-W27,60-69,2,31490
2021-W27,60-69,1,6926
2021-W27,50-59,3,1
2021-W27,50-59,2,47361
2021-W27,80-129,2,3842
2021-W27,40-49,4,1
2021-W27,40-49,2,150556
2021-W27,40-49,1,16236
2021-W27,30-39,2,54903
2021-W27,30-39,1,21534
2021-W27,0-29,2,12677
2021-W27,0-29,1,52753
2021-W27,50-59,1,9897
2021-W28,80-129,2,4740
2021-W28,80-129,1,1117
2021-W28,70-79,2,22141
2021-W28,70-79,1,5021
2021-W28,60-69,2,35425
2021-W28,60-69,1,10519
2021-W28,50-59,2,41131
2021-W28,50-59,1,14823
2021-W28,40-49,1,23037
2021-W28,30-39,2,133456
2021-W28,30-39,1,28594
2021-W28,0-29,2,35918
2021-W28,0-29,1,71064
2021-W28,40-49,2,123523
2021-W29,50-59,4,1
2021-W29,80-129,1,1135
2021-W29,80-129,2,3285
2021-W29,70-79,2,13987
2021-W29,70-79,1,4364
2021-W29,60-69,2,25364
2021-W29,60-69,1,8615
2021-W29,50-59,2,28327
2021-W29,0-29,2,86799
2021-W29,40-49,2,66990
2021-W29,40-49,1,18811
2021-W29,30-39,3,2
2021-W29,30-39,2,121466
2021-W29,30-39,1,21820
2021-W29,0-29,1,60457
2021-W29,50-59,1,12886
2021-W30,80-129,2,2260
2021-W30,80-129,1,1138
2021-W30,70-79,3,1
2021-W30,70-79,2,9341
2021-W30,70-79,1,4270
2021-W30,60-69,2,16759
2021-W30,60-69,1,8014
2021-W30,50-59,2,17830
2021-W30,50-59,1,12221
2021-W30,40-49,4,2
2021-W30,40-49,1,18476
2021-W30,30-39,4,1
2021-W30,30-39,2,59592
2021-W30,30-39,1,20777
2021-W30,0-29,4,1
2021-W30,0-29,2,101459
2021-W30,0-29,1,63283
2021-W30,40-49,2,35438
2021-W31,50-59,2,16491
2021-W31,80-129,1,927
2021-W31,80-129,2,1634
2021-W31,70-79,1,3222
2021-W31,60-69,2,13329
2021-W31,60-69,1,6159
2021-W31,50-59,1,9125
2021-W31,70-79,2,7145
2021-W31,40-49,1,14113
2021-W31,30-39,3,1
2021-W31,30-39,2,44075
2021-W31,30-39,1,15521
2021-W31,0-29,2,102763
2021-W31,0-29,1,46465
2021-W31,40-49,2,27811
2021-W32,80-129,2,1667
2021-W32,80-129,1,733
2021-W32,70-79,4,1
2021-W32,70-79,2,7071
2021-W32,70-79,1,2276
2021-W32,60-69,2,13720
2021-W32,60-69,1,4085
2021-W32,50-59,2,18617
2021-W32,50-59,1,6306
2021-W32,40-49,2,28808
2021-W32,40-49,1,9291
2021-W32,30-39,2,37894
2021-W32,30-39,1,10495
2021-W32,0-29,2,105891
2021-W32,0-29,1,30959
2021-W33,80-129,2,1478
2021-W33,80-129,1,603
2021-W33,70-79,2,6156
2021-W33,70-79,1,2014
2021-W33,60-69,2,12080
2021-W33,60-69,1,3824
2021-W33,50-59,2,17140
2021-W33,0-29,1,24799
2021-W33,40-49,2,27048
2021-W33,40-49,1,8612
2021-W33,30-39,2,33817
2021-W33,30-39,1,9251
2021-W33,0-29,2,93191
2021-W33,50-59,1,5961
2021-W34,60-69,2,9252
2021-W34,80-129,2,1167
2021-W34,80-129,1,587
2021-W34,80-129,3,1
2021-W34,70-79,2,4756
2021-W34,70-79,1,1929
2021-W34,60-69,4,2
2021-W34,60-69,3,1
2021-W34,60-69,1,3700
2021-W34,30-39,1,8751
2021-W34,50-59,2,13326
2021-W34,50-59,1,5539
2021-W34,40-49,2,21932
2021-W34,40-49,1,8136
2021-W34,30-39,2,27396
2021-W34,0-29,2,76830
2021-W34,0-29,1,24694
2021-W34,50-59,3,4
2021-W35,80-129,2,736
2021-W35,80-129,1,468
2021-W35,70-79,2,2342
2021-W35,70-79,1,1597
2021-W35,60-69,2,4298
2021-W35,60-69,1,2961
2021-W35,50-59,2,6527
2021-W35,50-59,1,4340
2021-W35,40-49,1,6673
2021-W35,30-39,2,13800
2021-W35,30-39,1,7097
2021-W35,0-29,3,1
2021-W35,0-29,2,42762
2021-W35,0-29,1,19643
2021-W35,40-49,2,10599
2021-W36,80-129,3,1
2021-W36,80-129,2,450
2021-W36,80-129,1,501
2021-W36,70-79,4,1
2021-W36,70-79,3,2
2021-W36,70-79,2,1530
2021-W36,70-79,1,1515
2021-W36,60-69,2,2798
2021-W36,50-59,3,2
2021-W36,60-69,1,2768
2021-W36,50-59,1,3818
2021-W36,0-29,1,13844
2021-W36,0-29,2,26696
2021-W36,30-39,1,5893
2021-W36,30-39,2,8800
2021-W36,50-59,2,4410
2021-W36,40-49,1,5477
2021-W36,40-49,2,7099
2021-W36,40-49,3,2
2021-W36,30-39,3,1
2021-W37,80-129,3,1
2021-W37,80-129,2,393
2021-W37,80-129,1,550
2021-W37,70-79,3,3
2021-W37,70-79,2,1334
2021-W37,70-79,1,1577
2021-W37,60-69,3,4
2021-W37,60-69,1,2675
2021-W37,50-59,3,2
2021-W37,60-69,2,2439
2021-W37,50-59,1,3511
2021-W37,0-29,1,11915
2021-W37,0-29,2,21699
2021-W37,0-29,3,1
2021-W37,30-39,1,5518
2021-W37,50-59,2,3681
2021-W37,40-49,1,5042
2021-W37,40-49,2,5609
2021-W37,40-49,3,3
2021-W37,30-39,2,6784
2021-W38,50-59,3,613
2021-W38,80-129,2,341
2021-W38,80-129,1,439
2021-W38,70-79,3,316
2021-W38,70-79,2,1107
2021-W38,70-79,1,1339
2021-W38,60-69,3,614
2021-W38,60-69,2,2011
2021-W38,60-69,1,2197
2021-W38,80-129,3,306
2021-W38,50-59,2,2835
2021-W38,40-49,3,623
2021-W38,0-29,1,9512
2021-W38,0-29,2,17602
2021-W38,0-29,3,182
2021-W38,30-39,1,4832
2021-W38,50-59,1,2956
2021-W38,30-39,3,353
2021-W38,30-39,4,1
2021-W38,40-49,1,4239
2021-W38,40-49,2,4657
2021-W38,30-39,2,5401
2021-W39,50-59,3,1145
2021-W39,80-129,2,344
2021-W39,80-129,1,269
2021-W39,70-79,3,388
2021-W39,70-79,2,1058
2021-W39,70-79,1,839
2021-W39,60-69,3,924
2021-W39,60-69,2,1810
2021-W39,60-69,1,1437
2021-W39,80-129,3,236
2021-W39,50-59,1,2092
2021-W39,40-49,3,1275
2021-W39,40-49,2,3770
2021-W39,40-49,1,3228
2021-W39,30-39,3,741
2021-W39,30-39,2,4620
2021-W39,30-39,1,3656
2021-W39,0-29,3,336
2021-W39,0-29,2,13548
2021-W39,0-29,1,7234
2021-W39,50-59,2,2523
2021-W40,60-69,3,2426
2021-W40,70-79,1,874
2021-W40,70-79,2,1082
2021-W40,70-79,3,1297
2021-W40,60-69,1,1637
2021-W40,80-129,2,344
2021-W40,80-129,3,1807
2021-W40,80-129,4,1
2021-W40,80-129,1,315
2021-W40,50-59,3,2859
2021-W40,60-69,2,1833
2021-W40,50-59,1,2303
2021-W40,0-29,1,7338
2021-W40,0-29,2,11441
2021-W40,0-29,3,719
2021-W40,30-39,1,4108
2021-W40,30-39,2,4271
2021-W40,50-59,2,2310
2021-W40,40-49,1,3551
2021-W40,40-49,2,3508
2021-W40,30-39,3,1459
2021-W40,40-49,3,2958
2021-W41,80-129,3,6911
2021-W41,80-129,2,340
2021-W41,80-129,1,325
2021-W41,70-79,3,2295
2021-W41,70-79,2,1017
2021-W41,70-79,1,852
2021-W41,60-69,3,3218
2021-W41,60-69,1,1520
2021-W41,50-59,3,3666
2021-W41,50-59,2,1990
2021-W41,60-69,2,1559
2021-W41,40-49,3,3597
2021-W41,50-59,1,2464
2021-W41,0-29,2,8914
2021-W41,0-29,3,757
2021-W41,30-39,1,4257
2021-W41,0-29,1,8014
2021-W41,30-39,3,1557
2021-W41,40-49,1,3714
2021-W41,40-49,2,3036
2021-W41,30-39,2,3693
2021-W42,50-59,3,7643
2021-W42,80-129,3,22386
2021-W42,80-129,2,257
2021-W42,80-129,1,419
2021-W42,70-79,3,26680
2021-W42,70-79,2,726
2021-W42,70-79,1,1336
2021-W42,60-69,2,1235
2021-W42,60-69,1,2768
2021-W42,50-59,2,1513
2021-W42,60-69,3,7526
2021-W42,40-49,3,6854
2021-W42,0-29,2,6742
2021-W42,0-29,3,1559
2021-W42,30-39,1,7637
2021-W42,30-39,2,2936
2021-W42,0-29,1,13011
2021-W42,40-49,1,7426
2021-W42,40-49,2,2277
2021-W42,30-39,3,3061
2021-W42,50-59,1,4709
2021-W43,80-129,3,27618
2021-W43,50-59,3,9294
2021-W43,80-129,2,242
2021-W43,80-129,1,548
2021-W43,70-79,3,40261
2021-W43,70-79,2,660
2021-W43,70-79,1,1982
2021-W43,60-69,3,9050
2021-W43,60-69,2,1099
2021-W43,60-69,1,4151
2021-W43,50-59,2,1397
2021-W43,40-49,3,7958
2021-W43,40-49,2,2193
2021-W43,40-49,1,13376
2021-W43,30-39,4,1
2021-W43,30-39,3,3637
2021-W43,30-39,2,2804
2021-W43,30-39,1,13180
2021-W43,0-29,3,1799
2021-W43,0-29,2,6078
2021-W43,0-29,1,21919
2021-W43,50-59,1,8227
2021-W44,60-69,2,1352
2021-W44,60-69,3,14470
2021-W44,70-79,1,3581
2021-W44,70-79,2,856
2021-W44,60-69,1,7012
2021-W44,80-129,1,1139
2021-W44,80-129,2,330
2021-W44,80-129,3,42665
2021-W44,80-129,4,1
2021-W44,70-79,3,61109
2021-W44,50-59,3,13609
2021-W44,30-39,1,21161
2021-W44,50-59,1,12528
2021-W44,0-29,2,7758
2021-W44,0-29,3,2491
2021-W44,50-59,2,1823
2021-W44,30-39,2,3558
2021-W44,0-29,1,34450
2021-W44,40-49,1,19712
2021-W44,40-49,2,2761
2021-W44,40-49,3,11810
2021-W44,30-39,3,5075
2021-W45,60-69,1,6242
2021-W45,80-129,3,39826
2021-W45,80-129,2,324
2021-W45,80-129,1,1215
2021-W45,70-79,3,60068
2021-W45,70-79,2,981
2021-W45,70-79,1,3497
2021-W45,60-69,3,15198
2021-W45,60-69,2,1782
2021-W45,50-59,3,13043
2021-W45,80-129,4,1
2021-W45,50-59,1,10397
2021-W45,0-29,1,33577
2021-W45,0-29,2,9809
2021-W45,0-29,3,2534
2021-W45,30-39,1,19551
2021-W45,50-59,2,2554
2021-W45,30-39,3,4889
2021-W45,40-49,1,16992
2021-W45,40-49,2,4191
2021-W45,40-49,3,11187
2021-W45,30-39,2,4973
2021-W46,50-59,3,11530
2021-W46,80-129,2,435
2021-W46,80-129,1,1327
2021-W46,70-79,3,45071
2021-W46,70-79,2,1306
2021-W46,70-79,1,3365
2021-W46,60-69,4,1
2021-W46,60-69,3,13659
2021-W46,60-69,2,2410
2021-W46,60-69,1,5853
2021-W46,80-129,3,26968
2021-W46,50-59,2,4281
2021-W46,40-49,3,10022
2021-W46,40-49,2,7036
2021-W46,40-49,1,17124
2021-W46,30-39,3,4357
2021-W46,30-39,2,7812
2021-W46,30-39,1,20802
2021-W46,0-29,3,2307
2021-W46,0-29,2,15275
2021-W46,0-29,1,37678
2021-W46,50-59,1,10131
2021-W47,60-69,1,7036
2021-W47,60-69,2,4452
2021-W47,70-79,1,4031
2021-W47,70-79,2,2464
2021-W47,50-59,3,16929
2021-W47,70-79,4,1
2021-W47,80-129,1,1617
2021-W47,80-129,2,741
2021-W47,80-129,3,29754
2021-W47,50-59,2,7294
2021-W47,70-79,3,66343
2021-W47,40-49,3,14013
2021-W47,50-59,1,11684
2021-W47,0-29,1,41336
2021-W47,0-29,2,24774
2021-W47,0-29,3,3620
2021-W47,30-39,1,23651
2021-W47,60-69,3,26525
2021-W47,30-39,3,6436
2021-W47,30-39,2,13243
2021-W47,40-49,1,18900
2021-W47,40-49,2,11602
2021-W48,80-129,3,31585
2021-W48,80-129,2,970
2021-W48,80-129,1,1403
2021-W48,70-79,4,3
2021-W48,70-79,3,116006
2021-W48,70-79,2,2600
2021-W48,70-79,1,3203
2021-W48,60-69,4,2
2021-W48,60-69,2,4173
2021-W48,60-69,1,5315
2021-W48,50-59,3,29249
2021-W48,60-69,3,134956
2021-W48,50-59,1,7309
2021-W48,50-59,2,6326
2021-W48,0-29,2,24655
2021-W48,0-29,3,5116
2021-W48,0-29,4,1
2021-W48,30-39,1,14134
2021-W48,0-29,1,24231
2021-W48,30-39,3,9654
2021-W48,40-49,1,11135
2021-W48,40-49,2,10005
2021-W48,40-49,3,22525
2021-W48,30-39,2,12294
2021-W49,60-69,2,4180
2021-W49,80-129,3,29070
2021-W49,80-129,2,1050
2021-W49,80-129,1,1117
2021-W49,70-79,4,1
2021-W49,70-79,3,121585
2021-W49,70-79,2,2664
2021-W49,70-79,1,2243
2021-W49,60-69,4,1
2021-W49,60-69,3,187713
2021-W49,60-69,1,3377
2021-W49,0-29,3,7504
2021-W49,50-59,2,6475
2021-W49,50-59,3,38672
2021-W49,0-29,2,27253
2021-W49,30-39,1,8507
2021-W49,30-39,2,13188
2021-W49,0-29,1,15253
2021-W49,40-49,1,6504
2021-W49,40-49,2,10394
2021-W49,40-49,3,28672
2021-W49,50-59,1,4336
2021-W49,30-39,3,13124
2021-W50,50-59,3,91905
2021-W50,80-129,3,22258
2021-W50,80-129,1,994
2021-W50,70-79,4,3
2021-W50,70-79,3,86579
2021-W50,70-79,2,3227
2021-W50,70-79,1,1912
2021-W50,60-69,3,139358
2021-W50,60-69,2,5193
2021-W50,60-69,1,2939
2021-W50,50-59,2,7720
2021-W50,80-129,2,1385
2021-W50,40-49,3,37340
2021-W50,0-29,1,17055
2021-W50,0-29,2,31902
2021-W50,0-29,3,8754
2021-W50,30-39,1,7100
2021-W50,50-59,1,3459
2021-W50,30-39,3,14390
2021-W50,30-39,4,1
2021-W50,40-49,1,5034
2021-W50,40-49,2,12617
2021-W50,30-39,2,16190
2021-W51,60-69,2,3464
2021-W51,80-129,3,7799
2021-W51,80-129,2,894
2021-W51,80-129,1,334
2021-W51,70-79,4,1
2021-W51,70-79,3,28599
2021-W51,70-79,2,2156
2021-W51,70-79,1,720
2021-W51,60-69,4,1
2021-W51,60-69,3,48133
2021-W51,60-69,1,1023
2021-W51,0-29,2,17604
2021-W51,50-59,2,4407
2021-W51,50-59,3,75498
2021-W51,0-29,3,5932
2021-W51,30-39,1,2764
2021-W51,30-39,2,8678
2021-W51,0-29,1,12348
2021-W51,40-49,1,2108
2021-W51,40-49,2,6770
2021-W51,40-49,3,47143
2021-W51,50-59,1,1309
2021-W51,30-39,3,8489
2021-W52,60-69,1,613
2021-W52,80-129,3,4361
2021-W52,80-129,2,723
2021-W52,80-129,1,199
2021-W52,70-79,3,17057
2021-W52,70-79,2,1718
2021-W52,70-79,1,364
2021-W52,60-69,3,31357
2021-W52,60-69,2,2568
2021-W52,50-59,3,66804
2021-W52,50-59,2,3334
2021-W52,50-59,1,971
2021-W52,0-29,2,13066
2021-W52,0-29,3,5656
2021-W52,30-39,1,2174
2021-W52,30-39,2,6653
2021-W52,0-29,1,13143
2021-W52,40-49,1,1614
2021-W52,40-49,2,4946
2021-W52,40-49,3,74246
2021-W52,30-39,3,31187
2022-W01,60-69,1,1321
2022-W01,80-129,3,8390
2022-W01,80-129,2,1219
2022-W01,80-129,1,412
2022-W01,70-79,3,32901
2022-W01,70-79,2,2389
2022-W01,70-79,1,855
2022-W01,60-69,3,56249
2022-W01,60-69,2,3528
2022-W01,50-59,3,102629
2022-W01,50-59,2,4346
2022-W01,0-29,1,21019
2022-W01,40-49,4,1
2022-W01,40-49,3,140487
2022-W01,40-49,2,6461
2022-W01,40-49,1,3007
2022-W01,30-39,3,72572
2022-W01,30-39,2,9001
2022-W01,30-39,1,4670
2022-W01,0-29,3,31014
2022-W01,0-29,2,19644
2022-W01,50-59,1,1819
2022-W02,50-59,4,1
2022-W02,60-69,1,1226
2022-W02,60-69,2,1826
2022-W02,60-69,3,52367
2022-W02,70-79,1,852
2022-W02,80-129,3,9555
2022-W02,70-79,3,33175
2022-W02,70-79,4,1
2022-W02,80-129,1,465
2022-W02,50-59,3,82669
2022-W02,70-79,2,1217
2022-W02,80-129,2,626
2022-W02,50-59,1,1737
2022-W02,40-49,4,2
2022-W02,0-29,1,19054
2022-W02,0-29,2,13625
2022-W02,0-29,3,50607
2022-W02,30-39,1,3966
2022-W02,30-39,2,4244
2022-W02,50-59,2,2185
2022-W02,30-39,4,1
2022-W02,40-49,1,2793
2022-W02,40-49,2,3218
2022-W02,40-49,3,113182
2022-W02,30-39,3,71564
2022-W03,60-69,2,906
2022-W03,60-69,3,32115
2022-W03,60-69,4,2
2022-W03,70-79,1,580
2022-W03,70-79,2,607
2022-W03,70-79,4,1
2022-W03,80-129,1,309
2022-W03,80-129,3,6291
2022-W03,80-129,4,1
2022-W03,60-69,1,920
2022-W03,70-79,3,21046
2022-W03,50-59,4,1
2022-W03,80-129,2,325
2022-W03,50-59,2,1288
2022-W03,0-29,2,12279
2022-W03,0-29,3,41657
2022-W03,30-39,1,3085
2022-W03,30-39,2,2748
2022-W03,0-29,1,12309
2022-W03,40-49,1,1953
2022-W03,30-39,3,46565
2022-W03,50-59,1,1279
2022-W03,50-59,3,47504
2022-W03,40-49,3,62711
2022-W03,40-49,2,1958
2022-W04,50-59,3,31007
2022-W04,80-129,2,361
2022-W04,80-129,1,184
2022-W04,70-79,2,715
2022-W04,70-79,1,372
2022-W04,60-69,3,21887
2022-W04,60-69,2,1096
2022-W04,60-69,1,563
2022-W04,50-59,4,1
2022-W04,80-129,3,4304
2022-W04,70-79,3,14189
2022-W04,50-59,2,1426
2022-W04,40-49,3,40707
2022-W04,40-49,2,2195
2022-W04,40-49,1,1198
2022-W04,30-39,3,31407
2022-W04,30-39,2,3416
2022-W04,30-39,1,2060
2022-W04,0-29,3,46861
2022-W04,0-29,2,15629
2022-W04,0-29,1,7902
2022-W04,50-59,1,828
2022-W05,60-69,3,13103
2022-W05,60-69,4,1
2022-W05,70-79,1,218
2022-W05,70-79,2,750
2022-W05,80-129,4,1
2022-W05,70-79,4,1
2022-W05,80-129,2,356
2022-W05,80-129,3,2630
2022-W05,60-69,2,1012
2022-W05,70-79,3,8600
2022-W05,60-69,1,350
2022-W05,80-129,1,146
2022-W05,50-59,2,1356
2022-W05,0-29,1,4944
2022-W05,0-29,2,14258
2022-W05,0-29,3,37195
2022-W05,30-39,1,1169
2022-W05,30-39,2,2951
2022-W05,50-59,3,17800
2022-W05,40-49,1,710
2022-W05,40-49,2,1989
2022-W05,40-49,3,23419
2022-W05,50-59,1,426
2022-W05,30-39,3,20081
2022-W06,80-129,3,1904
2022-W06,80-129,2,293
2022-W06,80-129,1,83
2022-W06,70-79,3,5586
2022-W06,70-79,2,557
2022-W06,70-79,1,111
2022-W06,60-69,3,7730
2022-W06,60-69,1,178
2022-W06,50-59,3,10210
2022-W06,50-59,2,1003
2022-W06,60-69,2,865
2022-W06,40-49,3,13661
2022-W06,0-29,1,2656
2022-W06,0-29,2,10866
2022-W06,0-29,3,21269
2022-W06,30-39,1,562
2022-W06,50-59,1,246
2022-W06,30-39,3,11190
2022-W06,40-49,1,409
2022-W06,40-49,2,1569
2022-W06,30-39,2,2302
2022-W07,80-129,3,1228
2022-W07,50-59,4,2
2022-W07,80-129,1,55
2022-W07,70-79,3,3554
2022-W07,70-79,2,384
2022-W07,70-79,1,51
2022-W07,60-69,4,1
2022-W07,60-69,3,5308
2022-W07,60-69,2,552
2022-W07,60-69,1,119
2022-W07,80-129,2,199
2022-W07,50-59,2,743
2022-W07,50-59,1,173
2022-W07,0-29,1,1931
2022-W07,0-29,2,7611
2022-W07,0-29,3,13801
2022-W07,30-39,1,395
2022-W07,50-59,3,7295
2022-W07,30-39,3,7614
2022-W07,40-49,1,253
2022-W07,40-49,2,992
2022-W07,40-49,3,9533
2022-W07,30-39,2,1634
2022-W08,50-59,3,5681
2022-W08,80-129,2,134
2022-W08,80-129,1,30
2022-W08,70-79,3,2425
2022-W08,70-79,2,256
2022-W08,70-79,1,46
2022-W08,60-69,3,3916
2022-W08,60-69,2,352
2022-W08,60-69,1,81
2022-W08,80-129,3,829
2022-W08,50-59,2,491
2022-W08,40-49,3,7443
2022-W08,40-49,2,786
2022-W08,40-49,1,218
2022-W08,30-39,3,5667
2022-W08,30-39,2,1209
2022-W08,30-39,1,324
2022-W08,0-29,3,10805
2022-W08,0-29,2,5611
2022-W08,0-29,1,1490
2022-W08,50-59,1,113
2022-W09,60-69,2,230
2022-W09,60-69,3,2709
2022-W09,80-129,3,525
2022-W09,70-79,1,59
2022-W09,80-129,2,96
2022-W09,70-79,3,1573
2022-W09,70-79,4,1
2022-W09,80-129,1,32
2022-W09,60-69,1,87
2022-W09,70-79,2,149
2022-W09,50-59,3,3755
2022-W09,40-49,1,209
2022-W09,50-59,1,137
2022-W09,0-29,1,1116
2022-W09,0-29,2,2964
2022-W09,0-29,3,6523
2022-W09,30-39,1,354
2022-W09,50-59,2,286
2022-W09,30-39,3,3554
2022-W09,40-49,2,463
2022-W09,40-49,3,4603
2022-W09,30-39,2,645
2022-W10,60-69,1,139
2022-W10,80-129,3,364
2022-W10,80-129,2,65
2022-W10,80-129,1,29
2022-W10,70-79,3,1127
2022-W10,70-79,2,78
2022-W10,70-79,1,78
2022-W10,60-69,3,2075
2022-W10,60-69,2,128
2022-W10,50-59,3,3263
2022-W10,50-59,2,173
2022-W10,50-59,1,230
2022-W10,40-49,3,4014
2022-W10,40-49,2,310
2022-W10,40-49,1,323
2022-W10,30-39,3,3109
2022-W10,30-39,2,441
2022-W10,30-39,1,469
2022-W10,0-29,3,5153
2022-W10,0-29,2,2116
2022-W10,0-29,1,1042
2022-W11,60-69,1,105
2022-W11,60-69,2,96
2022-W11,60-69,3,1986
2022-W11,70-79,1,84
2022-W11,80-129,3,316
2022-W11,70-79,3,1075
2022-W11,80-129,1,27
2022-W11,80-129,2,50
2022-W11,50-59,3,3423
2022-W11,70-79,2,42
2022-W11,50-59,2,138
2022-W11,0-29,1,925
2022-W11,40-49,3,4210
2022-W11,40-49,2,227
2022-W11,40-49,1,256
2022-W11,30-39,3,2964
2022-W11,30-39,2,310
2022-W11,30-39,1,384
2022-W11,0-29,4,1
2022-W11,0-29,3,4780
2022-W11,0-29,2,1716
2022-W11,50-59,1,163
2022-W12,60-69,2,104
2022-W12,60-69,3,1771
2022-W12,70-79,1,52
2022-W12,70-79,2,54
2022-W12,60-69,1,90
2022-W12,70-79,4,1
2022-W12,80-129,1,30
2022-W12,80-129,2,42
2022-W12,70-79,3,981
2022-W12,50-59,3,3008
2022-W12,80-129,3,301
2022-W12,50-59,1,133
2022-W12,0-29,1,813
2022-W12,0-29,2,1564
2022-W12,0-29,3,4162
2022-W12,30-39,1,289
2022-W12,50-59,2,153
2022-W12,30-39,3,3076
2022-W12,40-49,1,245
2022-W12,40-49,2,216
2022-W12,40-49,3,4512
2022-W12,30-39,2,335
2022-W13,80-129,3,279
2022-W13,80-129,2,35
2022-W13,80-129,1,26
2022-W13,70-79,3,857
2022-W13,70-79,2,85
2022-W13,70-79,1,49
2022-W13,60-69,3,1505
2022-W13,60-69,1,77
2022-W13,50-59,3,2737
2022-W13,60-69,2,131
2022-W13,50-59,2,208
2022-W13,40-49,3,4771
2022-W13,40-49,2,325
2022-W13,40-49,1,227
2022-W13,30-39,3,3427
2022-W13,30-39,2,433
2022-W13,30-39,1,295
2022-W13,0-29,3,4073
2022-W13,0-29,2,1351
2022-W13,0-29,1,902
2022-W13,50-59,1,124
2022-W14,60-69,1,53
2022-W14,60-69,2,96
2022-W14,60-69,3,1313
2022-W14,60-69,4,1
2022-W14,50-59,3,2168
2022-W14,70-79,2,81
2022-W14,70-79,3,659
2022-W14,80-129,1,16
2022-W14,80-129,2,28
2022-W14,70-79,1,30
2022-W14,80-129,3,225
2022-W14,50-59,2,168
2022-W14,40-49,3,4041
2022-W14,0-29,1,740
2022-W14,0-29,2,1012
2022-W14,0-29,3,3953
2022-W14,30-39,1,219
2022-W14,50-59,1,105
2022-W14,30-39,3,3352
2022-W14,40-49,1,182
2022-W14,40-49,2,253
2022-W14,30-39,2,391
2022-W15,80-129,3,161
2022-W15,50-59,3,1349
2022-W15,80-129,1,12
2022-W15,70-79,4,2
2022-W15,70-79,3,437
2022-W15,70-79,2,41
2022-W15,70-79,1,27
2022-W15,60-69,3,758
2022-W15,60-69,2,65
2022-W15,60-69,1,45
2022-W15,80-129,2,22
2022-W15,50-59,2,95
2022-W15,40-49,3,2485
2022-W15,40-49,2,176
2022-W15,40-49,1,138
2022-W15,30-39,3,2500
2022-W15,30-39,2,205
2022-W15,30-39,1,148
2022-W15,0-29,3,3347
2022-W15,0-29,2,685
2022-W15,0-29,1,519
2022-W15,50-59,1,64
2022-W16,60-69,2,92
2022-W16,60-69,3,1056
2022-W16,70-79,1,33
2022-W16,70-79,2,57
2022-W16,60-69,1,30
2022-W16,80-129,1,14
2022-W16,80-129,2,27
2022-W16,80-129,3,167
2022-W16,70-79,3,550
2022-W16,50-59,2,146
2022-W16,50-59,3,1559
2022-W16,50-59,1,66
2022-W16,40-49,3,2737
2022-W16,40-49,2,238
2022-W16,40-49,1,106
2022-W16,30-39,3,2733
2022-W16,30-39,2,294
2022-W16,30-39,1,158
2022-W16,0-29,3,4430
2022-W16,0-29,2,1186
2022-W16,0-29,1,694
2022-W17,60-69,3,1144
2022-W17,70-79,1,21
2022-W17,70-79,2,31
2022-W17,70-79,3,682
2022-W17,50-59,3,1635
2022-W17,80-129,2,24
2022-W17,80-129,3,187
2022-W17,80-129,4,1
2022-W17,60-69,2,64
2022-W17,80-129,1,16
2022-W17,60-69,1,48
2022-W17,40-49,2,214
2022-W17,50-59,2,114
2022-W17,50-59,1,81
2022-W17,40-49,3,2810
2022-W17,40-49,1,129
2022-W17,30-39,3,2720
2022-W17,30-39,2,274
2022-W17,30-39,1,194
2022-W17,0-29,3,4559
2022-W17,0-29,2,974
2022-W17,0-29,1,761
2022-W18,70-79,2,33
2022-W18,70-79,1,22
2022-W18,60-69,3,958
2022-W18,70-79,3,577
2022-W18,50-59,3,1420
2022-W18,80-129,2,8
2022-W18,80-129,3,163
2022-W18,80-129,4,1
2022-W18,60-69,2,48
2022-W18,80-129,1,12
2022-W18,60-69,1,30
2022-W18,0-29,1,697
2022-W18,0-29,2,793
2022-W18,50-59,1,58
2022-W18,40-49,4,1
2022-W18,40-49,3,2475
2022-W18,40-49,2,169
2022-W18,40-49,1,137
2022-W18,30-39,3,2436
2022-W18,30-39,2,185
2022-W18,30-39,1,162
2022-W18,0-29,3,4251
2022-W18,50-59,2,84
2022-W19,60-69,2,43
2022-W19,60-69,3,972
2022-W19,60-69,4,1
2022-W19,70-79,1,18
2022-W19,80-129,4,1
2022-W19,70-79,3,511
2022-W19,60-69,1,40
2022-W19,80-129,2,8
2022-W19,80-129,3,147
2022-W19,70-79,2,43
2022-W19,50-59,3,1417
2022-W19,80-129,1,7
2022-W19,50-59,1,69
2022-W19,40-49,3,2441
2022-W19,40-49,2,141
2022-W19,40-49,1,119
2022-W19,30-39,3,2347
2022-W19,30-39,2,190
2022-W19,30-39,1,165
2022-W19,0-29,3,4413
2022-W19,0-29,2,860
2022-W19,0-29,1,679
2022-W19,50-59,2,81
2022-W20,60-69,2,42
2022-W20,60-69,3,856
2022-W20,60-69,4,2
2022-W20,70-79,1,15
2022-W20,60-69,1,33
2022-W20,70-79,3,524
2022-W20,80-129,1,16
2022-W20,80-129,2,13
2022-W20,80-129,3,159
2022-W20,70-79,2,20
2022-W20,50-59,4,2
2022-W20,0-29,1,632
2022-W20,50-59,2,82
2022-W20,50-59,1,62
2022-W20,40-49,3,2229
2022-W20,40-49,2,120
2022-W20,40-49,1,104
2022-W20,30-39,3,2064
2022-W20,30-39,2,171
2022-W20,30-39,1,176
2022-W20,0-29,3,3952
2022-W20,0-29,2,924
2022-W20,50-59,3,1246
2022-W21,60-69,1,42
2022-W21,60-69,2,40
2022-W21,60-69,3,823
2022-W21,70-79,1,26
2022-W21,80-129,3,173
2022-W21,80-129,1,17
2022-W21,80-129,2,17
2022-W21,50-59,3,1169
2022-W21,70-79,2,23
2022-W21,50-59,2,51
2022-W21,70-79,3,470
2022-W21,40-49,4,1
2022-W21,40-49,3,2157
2022-W21,40-49,2,159
2022-W21,40-49,1,107
2022-W21,30-39,3,2122
2022-W21,30-39,2,164
2022-W21,30-39,1,112
2022-W21,0-29,3,3953
2022-W21,0-29,2,821
2022-W21,0-29,1,545
2022-W21,50-59,1,58
2022-W22,60-69,2,40
2022-W22,60-69,3,577
2022-W22,60-69,4,1
2022-W22,70-79,1,16
2022-W22,80-129,3,124
2022-W22,70-79,3,346
2022-W22,80-129,1,7
2022-W22,80-129,2,17
2022-W22,60-69,1,30
2022-W22,70-79,2,20
2022-W22,50-59,3,944
2022-W22,40-49,2,126
2022-W22,50-59,1,42
2022-W22,40-49,4,1
2022-W22,40-49,3,1702
2022-W22,40-49,1,104
2022-W22,30-39,3,1579
2022-W22,30-39,2,163
2022-W22,30-39,1,101
2022-W22,0-29,3,3269
2022-W22,0-29,2,845
2022-W22,0-29,1,518
2022-W22,50-59,2,71
2022-W23,60-69,3,489
2022-W23,70-79,2,20
2022-W23,70-79,1,13
2022-W23,70-79,3,296
2022-W23,40-49,3,1408
2022-W23,80-129,1,7
2022-W23,80-129,2,11
2022-W23,80-129,3,134
2022-W23,60-69,2,33
2022-W23,70-79,4,2
2022-W23,60-69,1,26
2022-W23,30-39,2,153
2022-W23,50-59,2,59
2022-W23,0-29,2,748
2022-W23,0-29,3,2767
2022-W23,30-39,1,100
2022-W23,30-39,3,1307
2022-W23,50-59,3,826
2022-W23,40-49,2,97
2022-W23,0-29,1,366
2022-W23,50-59,1,50
2022-W23,40-49,1,63
2022-W24,60-69,4,1
2022-W24,80-129,3,87
2022-W24,80-129,2,13
2022-W24,80-129,1,6
2022-W24,70-79,4,2
2022-W24,70-79,3,246
2022-W24,70-79,2,17
2022-W24,70-79,1,10
2022-W24,60-69,3,381
2022-W24,60-69,2,31
2022-W24,60-69,1,18
2022-W24,50-59,3,628
2022-W24,50-59,1,30
2022-W24,0-29,1,254
2022-W24,0-29,2,610
2022-W24,0-29,3,2477
2022-W24,50-59,2,61
2022-W24,30-39,2,120
2022-W24,30-39,1,90
2022-W24,40-49,1,58
2022-W24,40-49,2,86
2022-W24,40-49,3,1211
2022-W24,40-49,4,1
2022-W24,30-39,3,1078
2022-W25,60-69,2,31
2022-W25,60-69,3,360
2022-W25,70-79,1,22
2022-W25,70-79,2,26
2022-W25,70-79,3,208
2022-W25,0-29,4,1
2022-W25,80-129,1,16
2022-W25,80-129,2,14
2022-W25,80-129,3,96
2022-W25,80-129,4,1
2022-W25,60-69,1,24
2022-W25,70-79,4,2
2022-W25,50-59,3,606
2022-W25,0-29,1,233
2022-W25,50-59,1,43
2022-W25,40-49,4,2
2022-W25,40-49,3,1174
2022-W25,40-49,2,102
2022-W25,40-49,1,57
2022-W25,30-39,3,996
2022-W25,30-39,2,99
2022-W25,30-39,1,76
2022-W25,0-29,3,2501
2022-W25,0-29,2,661
2022-W25,50-59,2,45
2022-W26,50-59,4,1
2022-W26,60-69,1,20
2022-W26,60-69,2,24
2022-W26,60-69,3,443
2022-W26,50-59,3,705
2022-W26,70-79,2,13
2022-W26,70-79,3,268
2022-W26,80-129,1,6
2022-W26,80-129,2,10
2022-W26,70-79,1,13
2022-W26,80-129,3,82
2022-W26,50-59,2,47
2022-W26,40-49,4,2
2022-W26,50-59,1,36
2022-W26,0-29,1,342
2022-W26,0-29,2,490
2022-W26,30-39,1,95
2022-W26,30-39,2,115
2022-W26,0-29,3,2495
2022-W26,30-39,4,1
2022-W26,40-49,1,61
2022-W26,40-49,2,87
2022-W26,40-49,3,1317
2022-W26,30-39,3,1133
2022-W27,60-69,4,2
2022-W27,60-69,1,26
2022-W27,60-69,2,17
2022-W27,60-69,3,288
2022-W27,70-79,1,9
2022-W27,80-129,3,45
2022-W27,70-79,3,136
2022-W27,70-79,4,3
2022-W27,80-129,2,2
2022-W27,50-59,4,2
2022-W27,70-79,2,4
2022-W27,50-59,3,469
2022-W27,80-129,1,3
2022-W27,50-59,1,36
2022-W27,50-59,2,27
2022-W27,0-29,1,189
2022-W27,0-29,2,198
2022-W27,0-29,3,1629
2022-W27,30-39,2,55
2022-W27,30-39,1,77
2022-W27,30-39,4,3
2022-W27,40-49,1,52
2022-W27,40-49,2,43
2022-W27,40-49,3,866
2022-W27,40-49,4,3
2022-W27,30-39,3,777
2022-W28,60-69,4,12
2022-W28,60-69,1,52
2022-W28,60-69,2,28
2022-W28,60-69,3,743
2022-W28,70-79,1,20
2022-W28,80-129,3,128
2022-W28,70-79,3,408
2022-W28,70-79,4,23
2022-W28,80-129,1,8
2022-W28,80-129,2,10
2022-W28,50-59,4,6
2022-W28,80-129,4,4
2022-W28,70-79,2,24
2022-W28,50-59,3,1062
2022-W28,40-49,3,1857
2022-W28,50-59,1,53
2022-W28,0-29,1,431
2022-W28,0-29,2,374
2022-W28,50-59,2,41
2022-W28,0-29,4,4
2022-W28,30-39,1,155
2022-W28,0-29,3,3235
2022-W28,30-39,3,1679
2022-W28,30-39,4,15
2022-W28,40-49,1,98
2022-W28,40-49,2,60
2022-W28,40-49,4,6
2022-W28,30-39,2,75
2022-W29,70-79,2,20
2022-W29,60-69,2,25
2022-W29,60-69,3,732
2022-W29,60-69,4,5550
2022-W29,70-79,1,16
2022-W29,70-79,3,471
2022-W29,50-59,2,28
2022-W29,80-129,1,12
2022-W29,80-129,2,13
2022-W29,80-129,3,144
2022-W29,80-129,4,3771
2022-W29,60-69,1,45
2022-W29,70-79,4,7993
2022-W29,50-59,4,1914
2022-W29,40-49,1,80
2022-W29,0-29,1,352
2022-W29,0-29,2,327
2022-W29,0-29,3,2794
2022-W29,0-29,4,328
2022-W29,30-39,2,88
2022-W29,30-39,3,1555
2022-W29,30-39,1,123
2022-W29,50-59,3,966
2022-W29,40-49,2,60
2022-W29,40-49,3,1531
2022-W29,40-49,4,1300
2022-W29,50-59,1,68
2022-W29,30-39,4,621
2022-W30,70-79,1,31
2022-W30,60-69,1,42
2022-W30,60-69,2,27
2022-W30,60-69,3,770
2022-W30,60-69,4,7176
2022-W30,70-79,2,12
2022-W30,80-129,4,6010
2022-W30,70-79,4,11147
2022-W30,80-129,1,27
2022-W30,80-129,2,9
2022-W30,80-129,3,231
2022-W30,50-59,4,2166
2022-W30,70-79,3,530
2022-W30,50-59,3,975
2022-W30,50-59,2,42
2022-W30,50-59,1,46
2022-W30,0-29,2,305
2022-W30,0-29,3,2690
2022-W30,0-29,4,330
2022-W30,30-39,1,151
2022-W30,30-39,2,103
2022-W30,0-29,1,336
2022-W30,30-39,4,599
2022-W30,40-49,1,88
2022-W30,40-49,2,54
2022-W30,40-49,3,1539
2022-W30,40-49,4,1348
2022-W30,30-39,3,1558
2022-W31,60-69,1,43
2022-W31,60-69,2,43
2022-W31,60-69,3,681
2022-W31,60-69,4,5489
2022-W31,70-79,1,33
2022-W31,70-79,4,8706
2022-W31,70-79,3,490
2022-W31,80-129,1,19
2022-W31,80-129,2,11
2022-W31,80-129,3,219
2022-W31,50-59,4,1732
2022-W31,70-79,2,19
2022-W31,50-59,3,849
2022-W31,80-129,4,4755
2022-W31,50-59,1,64
2022-W31,0-29,1,348
2022-W31,0-29,2,386
2022-W31,0-29,3,2305
2022-W31,0-29,4,295
2022-W31,30-39,1,149
2022-W31,30-39,2,110
2022-W31,50-59,2,38
2022-W31,30-39,4,523
2022-W31,40-49,1,99
2022-W31,40-49,2,80
2022-W31,40-49,3,1267
2022-W31,40-49,4,1067
2022-W31,30-39,3,1354
2022-W32,60-69,1,24
2022-W32,60-69,2,43
2022-W32,60-69,3,618
2022-W32,60-69,4,5478
2022-W32,70-79,1,39
2022-W32,70-79,4,8862
2022-W32,70-79,3,468
2022-W32,80-129,1,25
2022-W32,80-129,2,8
2022-W32,80-129,3,203
2022-W32,50-59,4,1642
2022-W32,70-79,2,20
2022-W32,50-59,3,768
2022-W32,80-129,4,5067
2022-W32,50-59,1,55
2022-W32,0-29,1,267
2022-W32,0-29,2,332
2022-W32,0-29,3,1915
2022-W32,0-29,4,261
2022-W32,30-39,1,117
2022-W32,30-39,2,121
2022-W32,50-59,2,61
2022-W32,30-39,4,475
2022-W32,40-49,1,77
2022-W32,40-49,2,64
2022-W32,40-49,3,1017
2022-W32,40-49,4,1036
2022-W32,30-39,3,1141
2022-W33,50-59,4,2276
2022-W33,60-69,1,41
2022-W33,60-69,2,37
2022-W33,60-69,3,602
2022-W33,60-69,4,6519
2022-W33,70-79,1,27
2022-W33,70-79,4,9737
2022-W33,70-79,3,435
2022-W33,80-129,1,35
2022-W33,80-129,2,35
2022-W33,80-129,3,260
2022-W33,50-59,3,759
2022-W33,70-79,2,40
2022-W33,80-129,4,5599
2022-W33,50-59,2,46
2022-W33,40-49,4,1559
2022-W33,50-59,1,34
2022-W33,0-29,1,256
2022-W33,0-29,2,330
2022-W33,0-29,3,1841
2022-W33,30-39,1,111
2022-W33,0-29,4,401
2022-W33,30-39,3,1083
2022-W33,30-39,4,790
2022-W33,40-49,1,73
2022-W33,40-49,2,72
2022-W33,40-49,3,1015
2022-W33,30-39,2,131
2022-W34,60-69,3,558
2022-W34,50-59,4,2399
2022-W34,60-69,1,46
2022-W34,60-69,2,30
2022-W34,60-69,4,6598
2022-W34,50-59,3,744
2022-W34,70-79,3,452
2022-W34,80-129,4,5514
2022-W34,80-129,1,26
2022-W34,80-129,2,15
2022-W34,80-129,3,253
2022-W34,70-79,1,30
2022-W34,50-59,2,46
2022-W34,70-79,4,9813
2022-W34,40-49,4,1669
2022-W34,50-59,1,54
2022-W34,0-29,1,276
2022-W34,0-29,2,387
2022-W34,0-29,3,1864
2022-W34,0-29,4,440
2022-W34,30-39,1,119
2022-W34,70-79,2,26
2022-W34,30-39,2,129
2022-W34,30-39,3,1133
2022-W34,30-39,4,847
2022-W34,40-49,1,91
2022-W34,40-49,2,73
2022-W34,40-49,3,923
2022-W35,60-69,1,33
2022-W35,60-69,3,513
2022-W35,60-69,4,6127
2022-W35,70-79,1,36
2022-W35,70-79,2,29
2022-W35,80-129,1,21
2022-W35,70-79,4,9077
2022-W35,50-59,4,2110
2022-W35,80-129,2,21
2022-W35,80-129,3,245
2022-W35,80-129,4,5380
2022-W35,70-79,3,433
2022-W35,50-59,3,637
2022-W35,60-69,2,30
2022-W35,50-59,1,57
2022-W35,50-59,2,42
2022-W35,0-29,2,306
2022-W35,0-29,3,1567
2022-W35,0-29,4,409
2022-W35,30-39,1,87
2022-W35,30-39,2,105
2022-W35,0-29,1,281
2022-W35,30-39,4,679
2022-W35,40-49,1,81
2022-W35,40-49,2,79
2022-W35,40-49,3,801
2022-W35,40-49,4,1364
2022-W35,30-39,3,910
2022-W36,60-69,1,37
2022-W36,60-69,2,28
2022-W36,60-69,3,519
2022-W36,60-69,4,6145
2022-W36,70-79,1,22
2022-W36,70-79,2,25
2022-W36,80-129,1,45
2022-W36,70-79,4,9606
2022-W36,80-129,2,31
2022-W36,80-129,3,332
2022-W36,80-129,4,5882
2022-W36,50-59,4,2204
2022-W36,70-79,3,506
2022-W36,50-59,3,553
2022-W36,0-29,4,384
2022-W36,50-59,1,49
2022-W36,40-49,4,1351
2022-W36,40-49,3,792
2022-W36,40-49,2,69
2022-W36,40-49,1,62
2022-W36,30-39,4,675
2022-W36,30-39,3,875
2022-W36,30-39,2,89
2022-W36,30-39,1,95
2022-W36,0-29,3,1057
2022-W36,0-29,2,232
2022-W36,0-29,1,184
2022-W36,50-59,2,34
2022-W37,60-69,4,7955
2022-W37,60-69,3,613
2022-W37,60-69,1,29
2022-W37,80-129,4,6200
2022-W37,60-69,2,38
2022-W37,70-79,1,39
2022-W37,80-129,3,295
2022-W37,70-79,3,512
2022-W37,70-79,4,11053
2022-W37,80-129,1,36
2022-W37,80-129,2,31
2022-W37,50-59,4,3232
2022-W37,70-79,2,27
2022-W37,50-59,3,624
2022-W37,40-49,4,2271
2022-W37,50-59,1,44
2022-W37,50-59,2,41
2022-W37,0-29,1,216
2022-W37,0-29,2,247
2022-W37,0-29,3,1045
2022-W37,0-29,4,605
2022-W37,30-39,1,107
2022-W37,30-39,4,1234
2022-W37,30-39,3,889
2022-W37,40-49,1,75
2022-W37,40-49,2,69
2022-W37,40-49,3,822
2022-W37,30-39,2,99
2022-W38,50-59,4,4185
2022-W38,60-69,1,36
2022-W38,60-69,2,32
2022-W38,60-69,3,700
2022-W38,60-69,4,10950
2022-W38,70-79,4,15825
2022-W38,70-79,3,611
2022-W38,50-59,3,651
2022-W38,80-129,1,31
2022-W38,80-129,3,361
2022-W38,80-129,4,8137
2022-W38,70-79,1,23
2022-W38,50-59,2,36
2022-W38,80-129,2,16
2022-W38,40-49,4,2811
2022-W38,50-59,1,38
2022-W38,0-29,1,173
2022-W38,0-29,2,217
2022-W38,0-29,3,902
2022-W38,0-29,4,650
2022-W38,30-39,1,78
2022-W38,70-79,2,26
2022-W38,30-39,2,88
2022-W38,30-39,3,768
2022-W38,30-39,4,1333
2022-W38,40-49,1,54
2022-W38,40-49,2,50
2022-W38,40-49,3,849
2022-W39,60-69,1,24
2022-W39,60-69,2,28
2022-W39,60-69,3,583
2022-W39,60-69,4,9302
2022-W39,70-79,1,19
2022-W39,70-79,3,472
2022-W39,50-59,4,3644
2022-W39,70-79,4,12686
2022-W39,80-129,1,15
2022-W39,80-129,2,10
2022-W39,80-129,3,273
2022-W39,70-79,2,27
2022-W39,50-59,3,530
2022-W39,40-49,4,2740
2022-W39,50-59,1,30
2022-W39,80-129,4,6870
2022-W39,40-49,3,697
2022-W39,40-49,2,58
2022-W39,40-49,1,27
2022-W39,30-39,3,722
2022-W39,30-39,2,85
2022-W39,30-39,1,77
2022-W39,0-29,4,654
2022-W39,0-29,3,808
2022-W39,0-29,2,172
2022-W39,0-29,1,129
2022-W39,50-59,2,40
2022-W39,30-39,4,1348
2022-W40,60-69,4,15747
2022-W40,60-69,1,37
2022-W40,70-79,1,21
2022-W40,60-69,3,884
2022-W40,70-79,2,37
2022-W40,60-69,2,28
2022-W40,70-79,4,21955
2022-W40,80-129,1,18
2022-W40,80-129,2,26
2022-W40,80-129,3,351
2022-W40,80-129,4,9954
2022-W40,50-59,4,6236
2022-W40,70-79,3,729
2022-W40,50-59,3,741
2022-W40,30-39,4,2128
2022-W40,50-59,1,44
2022-W40,0-29,1,194
2022-W40,0-29,2,215
2022-W40,0-29,3,971
2022-W40,30-39,1,108
2022-W40,30-39,2,93
2022-W40,0-29,4,980
2022-W40,50-59,2,46
2022-W40,40-49,1,63
2022-W40,40-49,2,82
2022-W40,40-49,3,1022
2022-W40,40-49,4,4348
2022-W40,30-39,3,929
2022-W41,60-69,4,18943
2022-W41,50-59,4,7435
2022-W41,60-69,1,29
2022-W41,60-69,2,35
2022-W41,60-69,3,1105
2022-W41,70-79,1,29
2022-W41,80-129,3,352
2022-W41,70-79,3,822
2022-W41,70-79,4,24949
2022-W41,80-129,1,25
2022-W41,80-129,2,29
2022-W41,50-59,3,938
2022-W41,70-79,2,21
2022-W41,50-59,2,41
2022-W41,80-129,4,10876
2022-W41,40-49,4,5088
2022-W41,0-29,1,192
2022-W41,0-29,2,223
2022-W41,0-29,3,1150
2022-W41,0-29,4,1190
2022-W41,30-39,1,72
2022-W41,30-39,2,82
2022-W41,50-59,1,44
2022-W41,30-39,4,2343
2022-W41,30-39,5,1
2022-W41,40-49,1,51
2022-W41,40-49,2,68
2022-W41,40-49,3,1168
2022-W41,30-39,3,1051
2022-W42,50-59,4,6949
2022-W42,60-69,1,21
2022-W42,60-69,2,25
2022-W42,60-69,3,1038
2022-W42,60-69,4,19962
2022-W42,70-79,1,26
2022-W42,70-79,4,25246
2022-W42,70-79,3,817
2022-W42,80-129,1,14
2022-W42,80-129,2,21
2022-W42,80-129,3,307
2022-W42,50-59,3,945
2022-W42,70-79,2,20
2022-W42,80-129,4,10653
2022-W42,50-59,2,33
2022-W42,40-49,4,4582
2022-W42,50-59,1,33
2022-W42,0-29,1,159
2022-W42,0-29,2,143
2022-W42,0-29,4,1019
2022-W42,30-39,1,75
2022-W42,0-29,3,1182
2022-W42,30-39,3,1086
2022-W42,30-39,4,2167
2022-W42,40-49,1,47
2022-W42,40-49,2,44
2022-W42,40-49,3,1150
2022-W42,30-39,2,64
2022-W43,70-79,1,10
2022-W43,60-69,1,6
2022-W43,60-69,2,23
2022-W43,60-69,3,671
2022-W43,60-69,4,13404
2022-W43,70-79,2,16
2022-W43,80-129,4,7414
2022-W43,70-79,4,17393
2022-W43,80-129,1,12
2022-W43,80-129,2,19
2022-W43,80-129,3,254
2022-W43,50-59,4,4796
2022-W43,70-79,3,591
2022-W43,50-59,3,618
2022-W43,30-39,3,698
2022-W43,50-59,1,22
2022-W43,0-29,1,84
2022-W43,0-29,2,125
2022-W43,0-29,3,789
2022-W43,30-39,1,32
2022-W43,30-39,2,54
2022-W43,0-29,4,733
2022-W43,30-39,4,1442
2022-W43,40-49,1,35
2022-W43,40-49,2,25
2022-W43,40-49,3,671
2022-W43,40-49,4,3036
2022-W43,50-59,2,23
2022-W44,70-79,2,30
2022-W44,60-69,3,760
2022-W44,60-69,4,15387
2022-W44,60-69,5,5
2022-W44,60-69,6,10
2022-W44,70-79,1,15
2022-W44,70-79,3,575
2022-W44,80-129,3,217
2022-W44,70-79,5,20
2022-W44,70-79,6,13
2022-W44,80-129,1,12
2022-W44,80-129,2,17
2022-W44,60-69,1,18
2022-W44,80-129,4,7902
2022-W44,80-129,5,10
2022-W44,80-129,6,1
2022-W44,70-79,4,20097
2022-W44,50-59,5,3
2022-W44,60-69,2,28
2022-W44,50-59,3,700
2022-W44,50-59,4,5767
2022-W44,0-29,1,140
2022-W44,0-29,2,187
2022-W44,0-29,3,809
2022-W44,0-29,4,911
2022-W44,30-39,2,80
2022-W44,30-39,3,770
2022-W44,30-39,4,1702
2022-W44,30-39,1,71
2022-W44,40-49,1,35
2022-W44,40-49,2,45
2022-W44,40-49,3,821
2022-W44,40-49,4,4031
2022-W44,40-49,5,5
2022-W44,50-59,1,22
2022-W44,50-59,2,45
2022-W44,30-39,5,2
2022-W45,70-79,3,472
2022-W45,60-69,3,575
2022-W45,60-69,4,12522
2022-W45,60-69,5,5
2022-W45,60-69,6,7
2022-W45,70-79,1,12
2022-W45,70-79,2,30
2022-W45,70-79,4,16085
2022-W45,60-69,2,32
2022-W45,70-79,6,10
2022-W45,80-129,1,9
2022-W45,80-129,2,13
2022-W45,80-129,3,206
2022-W45,80-129,4,6681
2022-W45,80-129,5,3
2022-W45,80-129,6,1
2022-W45,70-79,5,4
2022-W45,60-69,1,20
2022-W45,40-49,5,3
2022-W45,50-59,4,4729
2022-W45,0-29,1,110
2022-W45,0-29,2,131
2022-W45,0-29,3,679
2022-W45,0-29,4,718
2022-W45,30-39,1,71
2022-W45,30-39,2,72
2022-W45,30-39,3,622
2022-W45,30-39,4,1467
2022-W45,50-59,5,5
2022-W45,40-49,1,44
2022-W45,40-49,2,45
2022-W45,40-49,3,624
2022-W45,40-49,4,3130
2022-W45,50-59,1,27
2022-W45,50-59,2,29
2022-W45,50-59,3,526
2022-W45,30-39,6,1
2022-W46,60-69,3,330
2022-W46,60-69,4,7510
2022-W46,60-69,6,1
2022-W46,70-79,1,8
2022-W46,70-79,2,20
2022-W46,70-79,3,298
2022-W46,80-129,1,15
2022-W46,70-79,5,5
2022-W46,70-79,6,3
2022-W46,60-69,2,17
2022-W46,80-129,2,13
2022-W46,80-129,3,134
2022-W46,80-129,4,3997
2022-W46,80-129,5,3
2022-W46,70-79,4,9732
2022-W46,60-69,1,21
2022-W46,60-69,5,3
2022-W46,50-59,5,2
2022-W46,50-59,4,3071
2022-W46,0-29,1,86
2022-W46,0-29,2,84
2022-W46,0-29,3,456
2022-W46,0-29,4,497
2022-W46,30-39,2,38
2022-W46,30-39,3,359
2022-W46,30-39,4,933
2022-W46,30-39,1,40
2022-W46,40-49,2,35
2022-W46,40-49,3,373
2022-W46,40-49,4,2040
2022-W46,40-49,5,2
2022-W46,50-59,1,22
2022-W46,50-59,2,23
2022-W46,50-59,3,297
2022-W46,40-49,1,20
2022-W47,70-79,1,15
2022-W47,60-69,1,17
2022-W47,60-69,2,16
2022-W47,60-69,3,380
2022-W47,60-69,4,8127
2022-W47,60-69,5,34
2022-W47,60-69,6,5
2022-W47,70-79,2,20
2022-W47,50-59,5,13
2022-W47,70-79,4,10771
2022-W47,70-79,5,39
2022-W47,70-79,6,2
2022-W47,80-129,1,17
2022-W47,80-129,2,16
2022-W47,80-129,3,184
2022-W47,80-129,4,4713
2022-W47,80-129,6,1
2022-W47,70-79,3,320
2022-W47,80-129,5,19
2022-W47,50-59,4,3282
2022-W47,50-59,2,28
2022-W47,0-29,1,89
2022-W47,0-29,2,133
2022-W47,0-29,3,528
2022-W47,0-29,4,512
2022-W47,0-29,5,5
2022-W47,30-39,1,63
2022-W47,30-39,2,51
2022-W47,30-39,3,369
2022-W47,50-59,3,323
2022-W47,30-39,5,6
2022-W47,40-49,1,28
2022-W47,40-49,2,33
2022-W47,40-49,3,354
2022-W47,40-49,4,2180
2022-W47,40-49,5,8
2022-W47,50-59,1,23
2022-W47,30-39,4,996
2022-W48,50-59,5,22
2022-W48,60-69,1,15
2022-W48,60-69,2,16
2022-W48,60-69,3,244
2022-W48,60-69,4,5587
2022-W48,60-69,5,28
2022-W48,70-79,1,6
2022-W48,70-79,5,39
2022-W48,70-79,3,251
2022-W48,70-79,4,7287
2022-W48,80-129,1,4
2022-W48,80-129,2,3
2022-W48,80-129,3,86
2022-W48,80-129,4,2988
2022-W48,50-59,4,2260
2022-W48,70-79,2,12
2022-W48,80-129,5,12
2022-W48,50-59,2,16
2022-W48,50-59,1,8
2022-W48,50-59,3,217
2022-W48,0-29,1,77
2022-W48,0-29,2,96
2022-W48,0-29,3,453
2022-W48,0-29,4,358
2022-W48,30-39,1,41
2022-W48,30-39,2,46
2022-W48,0-29,5,8
2022-W48,30-39,4,745
2022-W48,30-39,5,5
2022-W48,40-49,1,31
2022-W48,40-49,2,27
2022-W48,40-49,3,268
2022-W48,40-49,4,1574
2022-W48,40-49,5,14
2022-W48,30-39,3,266
2022-W49,60-69,5,19
2022-W49,50-59,5,15
2022-W49,60-69,1,12
2022-W49,80-129,5,14
2022-W49,60-69,3,196
2022-W49,60-69,4,4144
2022-W49,70-79,1,10
2022-W49,50-59,4,1760
2022-W49,70-79,3,179
2022-W49,70-79,4,5309
2022-W49,70-79,5,31
2022-W49,80-129,1,17
2022-W49,80-129,2,8
2022-W49,80-129,3,102
2022-W49,80-129,4,2267
2022-W49,70-79,2,8
2022-W49,50-59,3,194
2022-W49,60-69,2,10
2022-W49,50-59,1,17
2022-W49,0-29,1,52
2022-W49,0-29,2,62
2022-W49,0-29,3,357
2022-W49,0-29,4,298
2022-W49,0-29,5,2
2022-W49,30-39,1,33
2022-W49,30-39,2,31
2022-W49,50-59,2,22
2022-W49,30-39,4,584
2022-W49,30-39,5,2
2022-W49,40-49,1,18
2022-W49,40-49,2,21
2022-W49,40-49,3,233
2022-W49,40-49,4,1192
2022-W49,40-49,5,13
2022-W49,30-39,3,249
2022-W50,60-69,1,8
2022-W50,60-69,2,11
2022-W50,60-69,3,115
2022-W50,60-69,4,2540
2022-W50,60-69,5,38
2022-W50,70-79,1,5
2022-W50,70-79,2,8
2022-W50,80-129,1,4
2022-W50,70-79,4,3245
2022-W50,70-79,5,36
2022-W50,80-129,2,15
2022-W50,80-129,3,53
2022-W50,80-129,4,1476
2022-W50,80-129,5,18
2022-W50,50-59,5,19
2022-W50,70-79,3,120
2022-W50,50-59,4,1145
2022-W50,50-59,2,9
2022-W50,0-29,1,54
2022-W50,50-59,3,143
2022-W50,0-29,2,73
2022-W50,0-29,3,296
2022-W50,0-29,4,212
2022-W50,0-29,5,6
2022-W50,30-39,2,42
2022-W50,30-39,3,182
2022-W50,30-39,1,29
2022-W50,30-39,5,5
2022-W50,40-49,1,19
2022-W50,40-49,2,24
2022-W50,40-49,3,182
2022-W50,40-49,4,834
2022-W50,40-49,5,14
2022-W50,50-59,1,14
2022-W50,30-39,4,418
2022-W51,60-69,4,777
2022-W51,50-59,4,488
2022-W51,50-59,5,8
2022-W51,60-69,1,5
2022-W51,60-69,2,4
2022-W51,60-69,3,55
2022-W51,60-69,5,17
2022-W51,50-59,3,69
2022-W51,70-79,2,4
2022-W51,70-79,3,31
2022-W51,70-79,4,911
2022-W51,70-79,5,20
2022-W51,80-129,3,15
2022-W51,80-129,5,15
2022-W51,70-79,1,2
2022-W51,50-59,2,12
2022-W51,80-129,4,410
2022-W51,40-49,5,7
2022-W51,50-59,1,13
2022-W51,0-29,2,59
2022-W51,0-29,3,212
2022-W51,0-29,4,152
2022-W51,0-29,5,1
2022-W51,30-39,1,18
2022-W51,30-39,2,27
2022-W51,0-29,1,50
2022-W51,30-39,4,197
2022-W51,30-39,5,4
2022-W51,40-49,1,23
2022-W51,40-49,2,19
2022-W51,40-49,3,80
2022-W51,40-49,4,364
2022-W51,30-39,3,110
